{
    "~10대": {
        "운동량": 1083.216456,
        "탄소량": 9.757709,
        "이용거리": 42172.124088,
        "이용시간": 370.755634
    },
    "20대": {
        "운동량": 4225.442820,
        "탄소량": 37.549616,
        "이용거리": 162189.756079,
        "이용시간": 1350.193865
    },
    "30대": {
        "운동량": 3828.347648,
        "탄소량": 32.865523,
        "이용거리": 141955.778864,
        "이용시간": 1195.600444
    },
    "40대": {
        "운동량": 2774.358825,
        "탄소량": 23.220914,
        "이용거리": 100253.164874,
        "이용시간": 863.797946
    },
    "50대": {
        "운동량": 2133.976920,
        "탄소량": 18.341942,
        "이용거리": 79182.429461,
        "이용시간": 673.603028
    },
    "60대": {
        "운동량": 990.750895,
        "탄소량": 8.674958,
        "이용거리": 37446.364761,
        "이용시간": 1195.600444
    },
    "70대이상": {
        "운동량": 333.866375,
        "탄소량": 2.898858,
        "이용거리": 12517.257114,
        "이용시간": 132.716791
    },
    "F": {
        "운동량": 1737.870349,
        "탄소량": 17.097961,
        "이용거리": 73854.910129,
        "이용시간": 660.356096
    },
    "M": {
        "운동량": 2951.478097,
        "탄소량": 23.794323,
        "이용거리": 102747.761084,
        "이용시간": 846.568218
    },
    "total": {
        "운동량": 2379.7628575674344,
        "탄소량": 20.639751355393535,
        "이용거리": 89136.7049328175,
        "이용시간": 758.8460459899046
    }
}
